[{"model": "users.user", "pk": 1, "fields": {"user_type": "S", "first_name": "Anu", "middle_name": "Kumari", "last_name": "Gupta", "email_id": "jyotianugpt@gmail.com", "password": "anu", "phone1": "9876543210", "phone2": null, "gender": "F", "date_of_birth": "1997-05-08", "address": "9, Jelia Para Lane, Salkia, Howrah", "picture": "user_profile_pictures/2018-12-29-23-48-41-642.jpg", "year_of_joining": 2015, "department": "CSE"}}, {"model": "users.user", "pk": 2, "fields": {"user_type": "S", "first_name": "Diptangsu", "middle_name": null, "last_name": "Goswami", "email_id": "diptangsu.97@gmail.com", "password": "deep", "phone1": "07980364863", "phone2": null, "gender": "M", "date_of_birth": "1997-01-12", "address": "157/A, Makal Tala Lane,\r\nBhadrakali,\r\nUttarpara Kotrung.", "picture": "user_profile_pictures/IMG_20190426_110730.jpg", "year_of_joining": 2015, "department": "CSE"}}, {"model": "users.user", "pk": 3, "fields": {"user_type": "S", "first_name": "Koustav", "middle_name": null, "last_name": "Chanda", "email_id": "koustavtocode@gmail.com", "password": "koustav", "phone1": "9845602130", "phone2": null, "gender": "M", "date_of_birth": null, "address": "Kanchipara, Holaghat", "picture": "user_profile_pictures/vector_482_18-512.png", "year_of_joining": 2015, "department": "CSE"}}, {"model": "users.user", "pk": 4, "fields": {"user_type": "P", "first_name": "John", "middle_name": null, "last_name": "Doe", "email_id": "john.doe@gmail.com", "password": "jd", "phone1": "9784321456", "phone2": null, "gender": "M", "date_of_birth": null, "address": "Adisaptagram", "picture": "user_profile_pictures/IMG_20190427_112951.jpg", "year_of_joining": 2015, "department": "CSE"}}, {"model": "users.user", "pk": 5, "fields": {"user_type": "P", "first_name": "Nil", "middle_name": null, "last_name": "Grover", "email_id": "nil.grover@aot.edu.in", "password": "nil", "phone1": "9876543210", "phone2": null, "gender": "M", "date_of_birth": null, "address": "Adispatagram, Hooghly", "picture": "user_profile_pictures/IMG_20190426_092911.jpg", "year_of_joining": 2000, "department": "IT"}}, {"model": "users.user", "pk": 6, "fields": {"user_type": "S", "first_name": "Debosmitha", "middle_name": null, "last_name": "Bhattacharyya", "email_id": "idebosmitha@gmail.com", "password": "debo", "phone1": "1234567897", "phone2": null, "gender": "F", "date_of_birth": "2019-05-13", "address": "Palta", "picture": "user_profile_pictures/IMG_20170924_164422397.jpg", "year_of_joining": 2015, "department": "CSE"}}, {"model": "users.user", "pk": 7, "fields": {"user_type": "S", "first_name": "Arnab", "middle_name": null, "last_name": "Halder", "email_id": "arnab.halder@aot.edu.in", "password": "lp1997bc", "phone1": "7031121475", "phone2": null, "gender": "M", "date_of_birth": "2019-05-15", "address": "India", "picture": "user_profile_pictures/Proj_org.png", "year_of_joining": 2015, "department": "CSE"}}, {"model": "users.user", "pk": 8, "fields": {"user_type": "S", "first_name": "Anurag", "middle_name": null, "last_name": "Dutta", "email_id": "anurag@gmail.com", "password": "disciple", "phone1": "83945757930", "phone2": null, "gender": "M", "date_of_birth": "2019-01-17", "address": "Hawaii", "picture": "user_profile_pictures/Everytime-I-get-home-from-school.jpg", "year_of_joining": 4, "department": "CSE"}}, {"model": "academics.department", "pk": "CSE", "fields": {"name": "Computer Science and Engineering", "icon": "<i class=\"fas fa-laptop-code\"></i>"}}, {"model": "academics.department", "pk": "ECE", "fields": {"name": "Electronics and Communication Engineering", "icon": "<i class=\"fas fa-plug\"></i>"}}, {"model": "academics.department", "pk": "EE", "fields": {"name": "Electrical Engineering", "icon": "<i class=\"fas fa-bolt\"></i>"}}, {"model": "academics.department", "pk": "EIE", "fields": {"name": "Applied Electronics and Instrumentation Engineering", "icon": "<i class=\"fas fa-drafting-compass\"></i>"}}, {"model": "academics.department", "pk": "IT", "fields": {"name": "Information Technology", "icon": "<i class=\"fas fa-keyboard\"></i>"}}, {"model": "academics.department", "pk": "ME", "fields": {"name": "Mechanical Engineering", "icon": "<i class=\"fas fa-cogs\"></i>"}}, {"model": "academics.subject", "pk": 1, "fields": {"name": "Design and Analysis of Algorithm", "code": "CS-501", "department": "CSE"}}, {"model": "academics.subject", "pk": 2, "fields": {"name": "Object-Oriented Programming", "code": "CS-504D", "department": "CSE"}}, {"model": "academics.subject", "pk": 3, "fields": {"name": "Database Management System", "code": "CS-601", "department": "CSE"}}, {"model": "academics.subject", "pk": 4, "fields": {"name": "Operating System", "code": "CS-603", "department": "CSE"}}, {"model": "academics.subject", "pk": 5, "fields": {"name": "Computer Networks", "code": "CS-602", "department": "CSE"}}, {"model": "academics.subject", "pk": 6, "fields": {"name": "Software Engineering", "code": "CS-701", "department": "CSE"}}, {"model": "academics.subject", "pk": 7, "fields": {"name": "Design & Analysis of Algorithm", "code": "IT-501", "department": "IT"}}, {"model": "academics.subject", "pk": 8, "fields": {"name": "Mechanics", "code": "ME-102", "department": "ME"}}, {"model": "academics.subject", "pk": 9, "fields": {"name": "Data Structures", "code": "CS-201", "department": "CSE"}}, {"model": "questions.question", "pk": 1, "fields": {"name": "What is the time complexity of Heap Sort?", "body": "What is the time complexity of Heap Sort?\r\n<br>\r\n<pre>\r\ndef heap_sort(a):\r\n    a.sort()  # xD\r\n</pre>", "user": 1, "subject": 1, "timestamp": "2019-05-12T12:18:53.004Z"}}, {"model": "questions.question", "pk": 2, "fields": {"name": "What does \"static\"  mean in JAVA?", "body": "To be specific, I was trying this code:\r\n\r\n<pre>\r\npackage hello;\r\n\r\npublic class Hello {\r\n\r\n    Clock clock = new Clock();\r\n\r\n    public static void main(String args[]) {\r\n        clock.sayTime();\r\n    }\r\n}\r\n</pre>\r\nBut it gave the error\r\n\r\nCannot access non-static field in static method main\r\n\r\nSo I changed the declaration of clock to this:\r\n\r\n<code>static Clock clock = new Clock();</code>\r\n\r\nAnd it worked. What does it mean to put that keyword before the declaration? What exactly will it do and/or restrict in terms of what can be done to that object?", "user": 8, "subject": 2, "timestamp": "2019-05-12T12:28:16.019Z"}}, {"model": "questions.question", "pk": 3, "fields": {"name": "How to find longest common subsequence?", "body": "How to find longest common subsequence?", "user": 6, "subject": 1, "timestamp": "2019-05-12T12:34:36.920Z"}}, {"model": "questions.question", "pk": 4, "fields": {"name": "What is a primary key?", "body": "In database code I see references to a PRIMARY KEY. What is a PRIMARY KEY, and what difference does it make if some of the columns in one of my tables form a PRIMARY KEY... or don't form a PRIMARY KEY.", "user": 6, "subject": 3, "timestamp": "2019-05-12T16:49:01.743Z"}}, {"model": "questions.question", "pk": 5, "fields": {"name": "What is torque?", "body": "Where is it used and how is it caused?", "user": 3, "subject": 8, "timestamp": "2019-05-14T08:25:02.649Z"}}, {"model": "questions.question", "pk": 6, "fields": {"name": "What is the problem with my code?", "body": "Here is my code:\r\n<pre>\r\ndef question(request, question_id):\r\n    this_question = get_object_or_404(Question, id=question_id)\r\n    logged_in_user = User.objects.get(id=request.session['user_id'])\r\n\r\n    user_questions = {\r\n        q.id\r\n        for q in Question.objects.filter(user_id=logged_in_user)\r\n    }\r\n</pre>\r\n\r\nIt is not displaying the expected result.", "user": 6, "subject": 2, "timestamp": "2019-05-15T15:39:49.884Z"}}, {"model": "questions.question", "pk": 7, "fields": {"name": "What is tree?", "body": "What is binary tree?", "user": 7, "subject": 1, "timestamp": "2019-05-15T17:33:00.767Z"}}, {"model": "questions.question", "pk": 8, "fields": {"name": "What is the time complexity of AVL tree?", "body": "AVL tree kya h?", "user": 7, "subject": 1, "timestamp": "2019-05-15T17:34:57.583Z"}}, {"model": "questions.question", "pk": 9, "fields": {"name": "How can I do an UPDATE statement with JOIN in SQL?", "body": "I need to update this table in SQL Server 2005 with data from its 'parent' table, see below:\r\n\r\nsale\r\n<pre>\r\nid (int)\r\nudid (int)\r\n</pre>\r\n<br>\r\n<pre>\r\nassid (int)\r\nud\r\nid  (int)\r\nassid  (int)\r\n</pre>\r\n<code>sale.assi contains the correct value to update ud.assid.</code>\r\n\r\nWhat query will do this? I'm thinking a join but I'm not sure if it's possible.", "user": 8, "subject": 1, "timestamp": "2019-05-15T17:39:50.960Z"}}, {"model": "questions.question", "pk": 10, "fields": {"name": "Linux OS command line question", "body": "what command will I type when I want to list down the files in a directory, and at the same time pause after every screen output?", "user": 1, "subject": 4, "timestamp": "2019-05-15T17:55:58.681Z"}}, {"model": "questions.question", "pk": 11, "fields": {"name": "Kernel in Operating system", "body": "Can someone explain the concept of Kernel? Where is the location inside the computer?", "user": 6, "subject": 4, "timestamp": "2019-05-15T17:58:06.090Z"}}, {"model": "questions.question", "pk": 12, "fields": {"name": "IP addressing", "body": "I don't understand this problem. Please help me.\r\n\r\nIf subnet mask 255.255.255.224, what will be Direct Broadcast address ?", "user": 1, "subject": 5, "timestamp": "2019-05-15T18:00:51.469Z"}}, {"model": "questions.question", "pk": 15, "fields": {"name": "Data structure concept", "body": "I don't understand what is a data structure?", "user": 1, "subject": 9, "timestamp": "2019-05-16T12:44:27.814Z"}}, {"model": "questions.question", "pk": 16, "fields": {"name": "Analysis of big-o", "body": "What is Asymptotic analysis?", "user": 1, "subject": 7, "timestamp": "2019-05-16T12:46:18.719Z"}}, {"model": "questions.question", "pk": 17, "fields": {"name": "Asymptotic notations in Big-O", "body": "Are there any asymptotic notations? What are the common ones?", "user": 1, "subject": 7, "timestamp": "2019-05-16T12:47:02.582Z"}}, {"model": "questions.question", "pk": 18, "fields": {"name": "Understanding definition of Big-O", "body": "can someone explain the definition of Big-O notation?", "user": 1, "subject": 7, "timestamp": "2019-05-16T12:47:57.103Z"}}, {"model": "questions.question", "pk": 19, "fields": {"name": "Big-O", "body": "What is omega notation?", "user": 1, "subject": 7, "timestamp": "2019-05-16T12:49:19.794Z"}}, {"model": "questions.question", "pk": 20, "fields": {"name": "what is an Algorithm", "body": "What is an algorithm? How to write one. What are the rules?", "user": 1, "subject": 7, "timestamp": "2019-05-16T12:49:57.331Z"}}, {"model": "questions.question", "pk": 21, "fields": {"name": "Algorithm", "body": "What are the characteristics of an algorithm?", "user": 1, "subject": 7, "timestamp": "2019-05-16T12:50:31.771Z"}}, {"model": "questions.question", "pk": 22, "fields": {"name": "Stack concept", "body": "What is a stack in Data structures? Why is it?", "user": 1, "subject": 9, "timestamp": "2019-05-16T12:51:38.095Z"}}, {"model": "questions.question", "pk": 23, "fields": {"name": "application of stack", "body": "What are the application of Stack?", "user": 1, "subject": 9, "timestamp": "2019-05-16T12:52:56.142Z"}}, {"model": "questions.question", "pk": 24, "fields": {"name": "operations on Stack", "body": "What are the operations on stack?", "user": 1, "subject": 9, "timestamp": "2019-05-16T12:53:25.012Z"}}, {"model": "questions.question", "pk": 25, "fields": {"name": "peek in Stack", "body": "What is peek in a stack?", "user": 1, "subject": 9, "timestamp": "2019-05-16T12:53:50.315Z"}}, {"model": "questions.question", "pk": 26, "fields": {"name": "queue v/s stack", "body": "What is a queue? How to use queue?", "user": 1, "subject": 9, "timestamp": "2019-05-16T12:54:25.911Z"}}, {"model": "questions.question", "pk": 27, "fields": {"name": "Linked list", "body": "What is linked list? how is it different from stacks and queues?", "user": 1, "subject": 9, "timestamp": "2019-05-16T12:55:07.554Z"}}, {"model": "questions.question", "pk": 28, "fields": {"name": "Stack concept", "body": "How to use linked list as a stack?", "user": 1, "subject": 7, "timestamp": "2019-05-16T12:55:31.083Z"}}, {"model": "questions.question", "pk": 29, "fields": {"name": "queue & Linked list", "body": "How to use linked list as a queue?", "user": 1, "subject": 9, "timestamp": "2019-05-16T12:56:13.049Z"}}, {"model": "questions.question", "pk": 30, "fields": {"name": "limitations of a stack", "body": "What are the limitations of a stack?", "user": 1, "subject": 9, "timestamp": "2019-05-16T12:56:38.737Z"}}, {"model": "questions.question", "pk": 31, "fields": {"name": "Need for Linked list", "body": "Why do we even need a linkedlist? What is the need for that?", "user": 1, "subject": 9, "timestamp": "2019-05-16T12:57:41.259Z"}}, {"model": "questions.question", "pk": 32, "fields": {"name": "Factor of Evaporation", "body": "What is the factor of evaporation?", "user": 8, "subject": 8, "timestamp": "2019-05-16T18:51:09.638Z"}}, {"model": "questions.question", "pk": 33, "fields": {"name": "pressure and reheating", "body": "As the pressure of steam is increased, why reheating is necessary?", "user": 6, "subject": 8, "timestamp": "2019-05-16T18:52:36.067Z"}}, {"model": "questions.question", "pk": 34, "fields": {"name": "forced convection", "body": "What do you understand by forced convection?", "user": 6, "subject": 8, "timestamp": "2019-05-16T18:53:20.253Z"}}, {"model": "questions.question", "pk": 35, "fields": {"name": "Database and DBMS relation", "body": "What is meant by a Database? What is DBMS used for?", "user": 2, "subject": 3, "timestamp": "2019-05-16T19:02:34.914Z"}}, {"model": "questions.question", "pk": 36, "fields": {"name": "\u200bHow to convert infix to postfix", "body": "\u200bHow to convert infix to postfix", "user": 7, "subject": 1, "timestamp": "2019-05-16T19:05:30.997Z"}}, {"model": "questions.question", "pk": 37, "fields": {"name": "free convection case", "body": "What is boundary layer thickness in free convection case?", "user": 8, "subject": 8, "timestamp": "2019-05-16T19:10:55.404Z"}}, {"model": "questions.question", "pk": 38, "fields": {"name": "Kirchoff's Law", "body": "What is Kirchoff's Law?", "user": 7, "subject": 8, "timestamp": "2019-05-17T05:43:39.781Z"}}, {"model": "questions.question", "pk": 39, "fields": {"name": "Kruskal Algorithm", "body": "What is Kruskal's Algorithm", "user": 6, "subject": 1, "timestamp": "2019-05-17T05:44:53.279Z"}}, {"model": "questions.question", "pk": 40, "fields": {"name": "Bitch ass NIGGA!", "body": "AOT SUCKS!", "user": 2, "subject": 4, "timestamp": "2019-09-12T07:24:56.884Z"}}, {"model": "questions.questionvote", "pk": 1, "fields": {"question": 1, "user": 1, "vote_type": "U"}}, {"model": "questions.questionvote", "pk": 3, "fields": {"question": 1, "user": 3, "vote_type": "D"}}, {"model": "questions.questionvote", "pk": 14, "fields": {"question": 4, "user": 2, "vote_type": "U"}}, {"model": "questions.questionvote", "pk": 15, "fields": {"question": 3, "user": 2, "vote_type": "D"}}, {"model": "questions.questionvote", "pk": 16, "fields": {"question": 2, "user": 2, "vote_type": "U"}}, {"model": "questions.questionvote", "pk": 18, "fields": {"question": 1, "user": 2, "vote_type": "U"}}, {"model": "questions.questionvote", "pk": 19, "fields": {"question": 4, "user": 6, "vote_type": "U"}}, {"model": "questions.questionvote", "pk": 20, "fields": {"question": 3, "user": 6, "vote_type": "D"}}, {"model": "questions.questionvote", "pk": 21, "fields": {"question": 12, "user": 6, "vote_type": "U"}}, {"model": "questions.questionvote", "pk": 22, "fields": {"question": 9, "user": 6, "vote_type": "U"}}, {"model": "questions.questionvote", "pk": 23, "fields": {"question": 36, "user": 6, "vote_type": "U"}}, {"model": "questions.questionvote", "pk": 24, "fields": {"question": 35, "user": 6, "vote_type": "U"}}, {"model": "questions.questionvote", "pk": 25, "fields": {"question": 31, "user": 6, "vote_type": "D"}}, {"model": "questions.questionvote", "pk": 26, "fields": {"question": 30, "user": 6, "vote_type": "U"}}, {"model": "questions.questionvote", "pk": 27, "fields": {"question": 29, "user": 6, "vote_type": "D"}}, {"model": "questions.answer", "pk": 1, "fields": {"question": 1, "user": 2, "body": "O(nlog(n))", "timestamp": "2019-05-12T13:19:04.219Z"}}, {"model": "questions.answer", "pk": 2, "fields": {"question": 1, "user": 3, "body": "O(1)", "timestamp": "2019-05-12T13:22:21.574Z"}}, {"model": "questions.answer", "pk": 3, "fields": {"question": 4, "user": 3, "body": "primary key is the main key for your car", "timestamp": "2019-05-13T10:11:55.934Z"}}, {"model": "questions.answer", "pk": 4, "fields": {"question": 1, "user": 6, "body": "Best case - \u03a9(n log(n))\t\r\nWorst case - O(n log(n))", "timestamp": "2019-05-14T14:17:24.035Z"}}, {"model": "questions.answer", "pk": 5, "fields": {"question": 1, "user": 2, "body": "this is an answer from me, dip", "timestamp": "2019-05-14T15:18:33.409Z"}}, {"model": "questions.answer", "pk": 6, "fields": {"question": 9, "user": 2, "body": "This should work in SQL Server:\r\n<pre>\r\nupdate ud \r\nset assid = sale.assid\r\nfrom sale\r\nwhere sale.udid = id\r\n</pre>", "timestamp": "2019-05-15T17:45:44.541Z"}}, {"model": "questions.answer", "pk": 7, "fields": {"question": 7, "user": 1, "body": "A tree is a nonlinear data structure, compared to arrays, linked lists, stacks and queues which are linear data structures. A tree can be empty with no nodes or a tree is a structure consisting of one node called the root and zero or one or more subtrees. \r\n\r\nHope this helps.", "timestamp": "2019-05-15T17:45:49.902Z"}}, {"model": "questions.answer", "pk": 8, "fields": {"question": 3, "user": 1, "body": "The LCS problem has an optimal substructure: the problem can be broken down into smaller, simple \"subproblems\", which can be broken down into yet simpler subproblems, and so on, until, finally, the solution becomes trivial. The LCS problem also has overlapping subproblems: the solution to high-level subproblems often reuse lower level subproblems. Problems with these two properties\u2014optimal substructure and overlapping subproblems\u2014can be approached by a problem-solving technique called dynamic programming, in which subproblem solutions are memoized rather than computed over and over. The procedure requires memoization\u2014saving the solutions to one level of subproblem in a table (analogous to writing them to a memo, hence the name) so that the solutions are available to the next level of subproblems.", "timestamp": "2019-05-15T17:47:03.827Z"}}, {"model": "questions.answer", "pk": 9, "fields": {"question": 5, "user": 8, "body": "Torque is a measure of how much a force acting on an object causes that object to rotate. The object rotates about an axis, which we will call the pivot point, and will label 'O'. We will call the force 'F'. The distance from the pivot point to the point where the force acts is called the moment arm, and is denoted by 'r'. Note that this distance, 'r', is also a vector, and points from the axis of rotation to the point where the force acts", "timestamp": "2019-05-15T17:47:27.478Z"}}, {"model": "questions.answer", "pk": 10, "fields": {"question": 8, "user": 1, "body": "O(log n)", "timestamp": "2019-05-15T17:48:01.144Z"}}, {"model": "questions.answer", "pk": 11, "fields": {"question": 35, "user": 5, "body": "In simple terms, Database is a collection of data in some organized way to facilitate its user\u2019s to easily access, manage and upload the data.\r\nDBMS, commonly known as Database Management System, is an application system whose main purpose revolves around the data. This is a system that allows its users to store the data, define it, retrieve it and update the information about the data inside the database.", "timestamp": "2019-05-16T19:03:53.227Z"}}, {"model": "questions.answer", "pk": 12, "fields": {"question": 32, "user": 2, "body": "It is the ratio of heat change from feed water to steam and the heat of vaporization of steam at atmospheric pressure.", "timestamp": "2019-05-16T19:06:10.647Z"}}, {"model": "questions.answer", "pk": 13, "fields": {"question": 33, "user": 1, "body": "As pressure is increased, the dryness fraction of steam lowers on isentropic expansion. Therefore, steam has to be reheated after partial expansion so that dryness fraction remains within limits after expansion.", "timestamp": "2019-05-16T19:07:09.670Z"}}, {"model": "questions.answer", "pk": 14, "fields": {"question": 37, "user": 6, "body": "The velocity of fluid flow at solid surface is zero and it increases rapidly as distance from the solid surface becomes greater, reaches a maximum value and then decreases to that of undisturbed fluid. The distance between the solid surface and point where boundary layer velocity equals undisturbed flow (edge) is called boundary layer thickness.", "timestamp": "2019-05-16T19:11:53.076Z"}}, {"model": "questions.answer", "pk": 15, "fields": {"question": 39, "user": 6, "body": "It is an algo.", "timestamp": "2019-05-18T06:42:10.071Z"}}, {"model": "questions.answervote", "pk": 1, "fields": {"answer": 2, "user": 1, "vote_type": "D"}}, {"model": "questions.answervote", "pk": 2, "fields": {"answer": 2, "user": 2, "vote_type": "D"}}, {"model": "questions.answervote", "pk": 4, "fields": {"answer": 1, "user": 2, "vote_type": "U"}}, {"model": "chatbot.message", "pk": 1, "fields": {"user": 6, "message": "what is a linked list?"}}, {"model": "chatbot.message", "pk": 2, "fields": {"user": 6, "message": "hi\r\n"}}, {"model": "chatbot.message", "pk": 3, "fields": {"user": 6, "message": "what is a stack?"}}, {"model": "chatbot.message", "pk": 4, "fields": {"user": 6, "message": "what is a queue?"}}, {"model": "chatbot.message", "pk": 5, "fields": {"user": 6, "message": "what is kruskal's algorithm?\r\n"}}, {"model": "chatbot.message", "pk": 6, "fields": {"user": 2, "message": "bitch ass nigga"}}, {"model": "chatbot.reply", "pk": 1, "fields": {"message": 1, "reply": "Linked List is an ordered set of data elements, each containing a link to its successor (and sometimes its predecessor). Here is a link. https://en.wikipedia.org/wiki/Linked_list"}}, {"model": "chatbot.reply", "pk": 2, "fields": {"message": 2, "reply": "Hello!"}}, {"model": "chatbot.reply", "pk": 3, "fields": {"message": 3, "reply": "In computer science, a stack is an abstract data type that serves as a collection of elements, with two principal operations: push, which adds an element to the collection, and pop, which removes the most recently added element that was not yet removed.\r\nhttps://www.techopedia.com/definition/9523/stack"}}, {"model": "chatbot.reply", "pk": 4, "fields": {"message": 4, "reply": "queue is a useful data structure in programming. ... In programming terms, putting an item in the queue is called an \"enqueue\" and removing an item from the queue is called \"dequeue\". We can implement queue in any programming language like C, C++, Java, Python or C#, but the specification is pretty much the same."}}, {"model": "chatbot.reply", "pk": 5, "fields": {"message": 5, "reply": "https://en.wikipedia.org/wiki/Kruskal%27s_algorithm"}}, {"model": "contenttypes.contenttype", "pk": 1, "fields": {"app_label": "users", "model": "user"}}, {"model": "contenttypes.contenttype", "pk": 2, "fields": {"app_label": "users", "model": "studentdetail"}}, {"model": "contenttypes.contenttype", "pk": 3, "fields": {"app_label": "users", "model": "professordetail"}}, {"model": "contenttypes.contenttype", "pk": 4, "fields": {"app_label": "users", "model": "professorsubject"}}, {"model": "contenttypes.contenttype", "pk": 5, "fields": {"app_label": "academics", "model": "department"}}, {"model": "contenttypes.contenttype", "pk": 6, "fields": {"app_label": "academics", "model": "subject"}}, {"model": "contenttypes.contenttype", "pk": 7, "fields": {"app_label": "questions", "model": "question"}}, {"model": "contenttypes.contenttype", "pk": 8, "fields": {"app_label": "questions", "model": "questionimage"}}, {"model": "contenttypes.contenttype", "pk": 9, "fields": {"app_label": "questions", "model": "questionvote"}}, {"model": "contenttypes.contenttype", "pk": 10, "fields": {"app_label": "questions", "model": "answer"}}, {"model": "contenttypes.contenttype", "pk": 11, "fields": {"app_label": "questions", "model": "answerimage"}}, {"model": "contenttypes.contenttype", "pk": 12, "fields": {"app_label": "questions", "model": "answervote"}}, {"model": "contenttypes.contenttype", "pk": 13, "fields": {"app_label": "admin", "model": "logentry"}}, {"model": "contenttypes.contenttype", "pk": 14, "fields": {"app_label": "auth", "model": "permission"}}, {"model": "contenttypes.contenttype", "pk": 15, "fields": {"app_label": "auth", "model": "group"}}, {"model": "contenttypes.contenttype", "pk": 16, "fields": {"app_label": "auth", "model": "user"}}, {"model": "contenttypes.contenttype", "pk": 17, "fields": {"app_label": "contenttypes", "model": "contenttype"}}, {"model": "contenttypes.contenttype", "pk": 18, "fields": {"app_label": "sessions", "model": "session"}}, {"model": "contenttypes.contenttype", "pk": 19, "fields": {"app_label": "chatbot", "model": "message"}}, {"model": "contenttypes.contenttype", "pk": 20, "fields": {"app_label": "chatbot", "model": "reply"}}, {"model": "sessions.session", "pk": "58dzg1sdabaqo8orjfo433iu7k3kpc9o", "fields": {"session_data": "YWViOWI2ZTNjNzk1NjRmYTJjZmQzMjVlYTM2NGRhMzEyNjcwNGJmMTp7InVzZXJfaWQiOjZ9", "expire_date": "2019-05-31T19:16:08.667Z"}}, {"model": "sessions.session", "pk": "81z42vobb44jzqsk3lsyp4p2ckgek0do", "fields": {"session_data": "YjVmMjhkNzRhOGRkOTEzMzEyYzJkYWJmN2IwY2Q3NWE3YTlkNzExMzp7Il9hdXRoX3VzZXJfaWQiOiIxIiwiX2F1dGhfdXNlcl9iYWNrZW5kIjoiZGphbmdvLmNvbnRyaWIuYXV0aC5iYWNrZW5kcy5Nb2RlbEJhY2tlbmQiLCJfYXV0aF91c2VyX2hhc2giOiI0NDQwNjQ4NzU0NjBkZDQxZjVmYzk3ZDAwZWI0ZjVjMTMzNzAzMDgwIiwidXNlcl9pZCI6Nn0=", "expire_date": "2020-01-29T07:02:18.396Z"}}, {"model": "sessions.session", "pk": "95gfvl0etqom4ngyaxpchhomd7k0ianm", "fields": {"session_data": "YzA3NWI2OTQ2N2YwZmQ3M2Q1OTMyYzE0NzlkYjUwMzM2MmI5Yzc1MDp7Il9hdXRoX3VzZXJfaWQiOiIxIiwiX2F1dGhfdXNlcl9iYWNrZW5kIjoiZGphbmdvLmNvbnRyaWIuYXV0aC5iYWNrZW5kcy5Nb2RlbEJhY2tlbmQiLCJfYXV0aF91c2VyX2hhc2giOiI0NDQwNjQ4NzU0NjBkZDQxZjVmYzk3ZDAwZWI0ZjVjMTMzNzAzMDgwIn0=", "expire_date": "2019-05-29T17:19:43.368Z"}}, {"model": "sessions.session", "pk": "97nlefcseyiitjzifpcpygqzxfjs9l16", "fields": {"session_data": "YzA3NWI2OTQ2N2YwZmQ3M2Q1OTMyYzE0NzlkYjUwMzM2MmI5Yzc1MDp7Il9hdXRoX3VzZXJfaWQiOiIxIiwiX2F1dGhfdXNlcl9iYWNrZW5kIjoiZGphbmdvLmNvbnRyaWIuYXV0aC5iYWNrZW5kcy5Nb2RlbEJhY2tlbmQiLCJfYXV0aF91c2VyX2hhc2giOiI0NDQwNjQ4NzU0NjBkZDQxZjVmYzk3ZDAwZWI0ZjVjMTMzNzAzMDgwIn0=", "expire_date": "2019-05-31T18:31:22.583Z"}}, {"model": "sessions.session", "pk": "c3gf2j1ml3mgxt1zzxfyvbh0cn6v0f5o", "fields": {"session_data": "YzA3NWI2OTQ2N2YwZmQ3M2Q1OTMyYzE0NzlkYjUwMzM2MmI5Yzc1MDp7Il9hdXRoX3VzZXJfaWQiOiIxIiwiX2F1dGhfdXNlcl9iYWNrZW5kIjoiZGphbmdvLmNvbnRyaWIuYXV0aC5iYWNrZW5kcy5Nb2RlbEJhY2tlbmQiLCJfYXV0aF91c2VyX2hhc2giOiI0NDQwNjQ4NzU0NjBkZDQxZjVmYzk3ZDAwZWI0ZjVjMTMzNzAzMDgwIn0=", "expire_date": "2019-06-01T04:39:52.176Z"}}, {"model": "sessions.session", "pk": "eiyzywhokd38e4onmic1xb4igawqqnq5", "fields": {"session_data": "ZGRmOGFjOTRhYzk1NGYyZDhiNzNlNmE0MmEwMWVmNWVkMDYyMjMzNTp7Il9hdXRoX3VzZXJfaWQiOiIxIiwiX2F1dGhfdXNlcl9iYWNrZW5kIjoiZGphbmdvLmNvbnRyaWIuYXV0aC5iYWNrZW5kcy5Nb2RlbEJhY2tlbmQiLCJfYXV0aF91c2VyX2hhc2giOiI0NDQwNjQ4NzU0NjBkZDQxZjVmYzk3ZDAwZWI0ZjVjMTMzNzAzMDgwIiwidXNlcl9pZCI6Mn0=", "expire_date": "2019-09-26T07:22:17.523Z"}}, {"model": "sessions.session", "pk": "fieh6tqijnt2uxvnhyd64f3i8d1bm3yv", "fields": {"session_data": "ZTM2MThiMjgwMjk4M2IzYjg2ODk1ODRiNDJkOWJmYmUzMzI3YTExMzp7InVzZXJfaWQiOjMsIl9hdXRoX3VzZXJfaWQiOiIxIiwiX2F1dGhfdXNlcl9iYWNrZW5kIjoiZGphbmdvLmNvbnRyaWIuYXV0aC5iYWNrZW5kcy5Nb2RlbEJhY2tlbmQiLCJfYXV0aF91c2VyX2hhc2giOiI0NDQwNjQ4NzU0NjBkZDQxZjVmYzk3ZDAwZWI0ZjVjMTMzNzAzMDgwIn0=", "expire_date": "2019-05-31T19:08:14.604Z"}}, {"model": "sessions.session", "pk": "hlzpu3iqyg9rrpit9qf7wumgi3j2tquw", "fields": {"session_data": "YWViOWI2ZTNjNzk1NjRmYTJjZmQzMjVlYTM2NGRhMzEyNjcwNGJmMTp7InVzZXJfaWQiOjZ9", "expire_date": "2019-05-31T19:39:24.462Z"}}, {"model": "sessions.session", "pk": "lbiqruvtg7gbftouwefg1a6ivmuux28t", "fields": {"session_data": "YzA3NWI2OTQ2N2YwZmQ3M2Q1OTMyYzE0NzlkYjUwMzM2MmI5Yzc1MDp7Il9hdXRoX3VzZXJfaWQiOiIxIiwiX2F1dGhfdXNlcl9iYWNrZW5kIjoiZGphbmdvLmNvbnRyaWIuYXV0aC5iYWNrZW5kcy5Nb2RlbEJhY2tlbmQiLCJfYXV0aF91c2VyX2hhc2giOiI0NDQwNjQ4NzU0NjBkZDQxZjVmYzk3ZDAwZWI0ZjVjMTMzNzAzMDgwIn0=", "expire_date": "2019-05-30T19:04:23.833Z"}}, {"model": "sessions.session", "pk": "lgsf7aegqbopf2lig2ig0pnwxwiyfcqi", "fields": {"session_data": "NzA3MGM0NDM3NWEwNTM3MWU0MjQ3ODAwMDdhNDJjYzM1NmRlMzA4Yjp7Il9hdXRoX3VzZXJfaWQiOiIxIiwiX2F1dGhfdXNlcl9iYWNrZW5kIjoiZGphbmdvLmNvbnRyaWIuYXV0aC5iYWNrZW5kcy5Nb2RlbEJhY2tlbmQiLCJfYXV0aF91c2VyX2hhc2giOiI0NDQwNjQ4NzU0NjBkZDQxZjVmYzk3ZDAwZWI0ZjVjMTMzNzAzMDgwIiwidXNlcl9pZCI6MX0=", "expire_date": "2019-05-29T18:15:48.415Z"}}, {"model": "sessions.session", "pk": "ofiln180n3lrm03qtzb4tsa5la54kvuu", "fields": {"session_data": "YjVmMjhkNzRhOGRkOTEzMzEyYzJkYWJmN2IwY2Q3NWE3YTlkNzExMzp7Il9hdXRoX3VzZXJfaWQiOiIxIiwiX2F1dGhfdXNlcl9iYWNrZW5kIjoiZGphbmdvLmNvbnRyaWIuYXV0aC5iYWNrZW5kcy5Nb2RlbEJhY2tlbmQiLCJfYXV0aF91c2VyX2hhc2giOiI0NDQwNjQ4NzU0NjBkZDQxZjVmYzk3ZDAwZWI0ZjVjMTMzNzAzMDgwIiwidXNlcl9pZCI6Nn0=", "expire_date": "2019-05-31T18:42:55.229Z"}}, {"model": "sessions.session", "pk": "p7lwrfjakhb02ex51wxbcsu93rtonl0s", "fields": {"session_data": "YjVmMjhkNzRhOGRkOTEzMzEyYzJkYWJmN2IwY2Q3NWE3YTlkNzExMzp7Il9hdXRoX3VzZXJfaWQiOiIxIiwiX2F1dGhfdXNlcl9iYWNrZW5kIjoiZGphbmdvLmNvbnRyaWIuYXV0aC5iYWNrZW5kcy5Nb2RlbEJhY2tlbmQiLCJfYXV0aF91c2VyX2hhc2giOiI0NDQwNjQ4NzU0NjBkZDQxZjVmYzk3ZDAwZWI0ZjVjMTMzNzAzMDgwIiwidXNlcl9pZCI6Nn0=", "expire_date": "2019-06-01T06:41:23.347Z"}}, {"model": "sessions.session", "pk": "sbkyybio5y9wo253ebmmpsze6k217yul", "fields": {"session_data": "YWViOWI2ZTNjNzk1NjRmYTJjZmQzMjVlYTM2NGRhMzEyNjcwNGJmMTp7InVzZXJfaWQiOjZ9", "expire_date": "2019-05-31T19:14:25.178Z"}}, {"model": "sessions.session", "pk": "tpfnr27qe6noaq763h0dw2xzvwotpqx3", "fields": {"session_data": "YzA3NWI2OTQ2N2YwZmQ3M2Q1OTMyYzE0NzlkYjUwMzM2MmI5Yzc1MDp7Il9hdXRoX3VzZXJfaWQiOiIxIiwiX2F1dGhfdXNlcl9iYWNrZW5kIjoiZGphbmdvLmNvbnRyaWIuYXV0aC5iYWNrZW5kcy5Nb2RlbEJhY2tlbmQiLCJfYXV0aF91c2VyX2hhc2giOiI0NDQwNjQ4NzU0NjBkZDQxZjVmYzk3ZDAwZWI0ZjVjMTMzNzAzMDgwIn0=", "expire_date": "2019-05-31T05:37:39.247Z"}}, {"model": "sessions.session", "pk": "y78px8izz272h6vvp6g2ozca2ue41t16", "fields": {"session_data": "YzA3NWI2OTQ2N2YwZmQ3M2Q1OTMyYzE0NzlkYjUwMzM2MmI5Yzc1MDp7Il9hdXRoX3VzZXJfaWQiOiIxIiwiX2F1dGhfdXNlcl9iYWNrZW5kIjoiZGphbmdvLmNvbnRyaWIuYXV0aC5iYWNrZW5kcy5Nb2RlbEJhY2tlbmQiLCJfYXV0aF91c2VyX2hhc2giOiI0NDQwNjQ4NzU0NjBkZDQxZjVmYzk3ZDAwZWI0ZjVjMTMzNzAzMDgwIn0=", "expire_date": "2019-06-01T04:52:32.626Z"}}, {"model": "sessions.session", "pk": "yan9oef0hn4misbzj4wnnqwjhamkof4e", "fields": {"session_data": "OWI0OGI2NjdiOTIwOTc2NTYxY2IzODg2MTQxODUyNjkwYWI0ZDZkOTp7Il9hdXRoX3VzZXJfaWQiOiIxIiwiX2F1dGhfdXNlcl9iYWNrZW5kIjoiZGphbmdvLmNvbnRyaWIuYXV0aC5iYWNrZW5kcy5Nb2RlbEJhY2tlbmQiLCJfYXV0aF91c2VyX2hhc2giOiI0NDQwNjQ4NzU0NjBkZDQxZjVmYzk3ZDAwZWI0ZjVjMTMzNzAzMDgwIiwidXNlcl9pZCI6OH0=", "expire_date": "2019-05-29T18:28:57.073Z"}}, {"model": "sessions.session", "pk": "yj40zojjh4fuydsvfuc9yycxbg6h3a2r", "fields": {"session_data": "YzA3NWI2OTQ2N2YwZmQ3M2Q1OTMyYzE0NzlkYjUwMzM2MmI5Yzc1MDp7Il9hdXRoX3VzZXJfaWQiOiIxIiwiX2F1dGhfdXNlcl9iYWNrZW5kIjoiZGphbmdvLmNvbnRyaWIuYXV0aC5iYWNrZW5kcy5Nb2RlbEJhY2tlbmQiLCJfYXV0aF91c2VyX2hhc2giOiI0NDQwNjQ4NzU0NjBkZDQxZjVmYzk3ZDAwZWI0ZjVjMTMzNzAzMDgwIn0=", "expire_date": "2019-05-26T11:52:21.561Z"}}, {"model": "sessions.session", "pk": "zamn6d1nhzfbrd4cje89qljxrd386vbw", "fields": {"session_data": "YzA3NWI2OTQ2N2YwZmQ3M2Q1OTMyYzE0NzlkYjUwMzM2MmI5Yzc1MDp7Il9hdXRoX3VzZXJfaWQiOiIxIiwiX2F1dGhfdXNlcl9iYWNrZW5kIjoiZGphbmdvLmNvbnRyaWIuYXV0aC5iYWNrZW5kcy5Nb2RlbEJhY2tlbmQiLCJfYXV0aF91c2VyX2hhc2giOiI0NDQwNjQ4NzU0NjBkZDQxZjVmYzk3ZDAwZWI0ZjVjMTMzNzAzMDgwIn0=", "expire_date": "2019-06-01T04:46:56.418Z"}}, {"model": "auth.permission", "pk": 1, "fields": {"name": "Can add user", "content_type": 1, "codename": "add_user"}}, {"model": "auth.permission", "pk": 2, "fields": {"name": "Can change user", "content_type": 1, "codename": "change_user"}}, {"model": "auth.permission", "pk": 3, "fields": {"name": "Can delete user", "content_type": 1, "codename": "delete_user"}}, {"model": "auth.permission", "pk": 4, "fields": {"name": "Can view user", "content_type": 1, "codename": "view_user"}}, {"model": "auth.permission", "pk": 5, "fields": {"name": "Can add student detail", "content_type": 2, "codename": "add_studentdetail"}}, {"model": "auth.permission", "pk": 6, "fields": {"name": "Can change student detail", "content_type": 2, "codename": "change_studentdetail"}}, {"model": "auth.permission", "pk": 7, "fields": {"name": "Can delete student detail", "content_type": 2, "codename": "delete_studentdetail"}}, {"model": "auth.permission", "pk": 8, "fields": {"name": "Can view student detail", "content_type": 2, "codename": "view_studentdetail"}}, {"model": "auth.permission", "pk": 9, "fields": {"name": "Can add professor detail", "content_type": 3, "codename": "add_professordetail"}}, {"model": "auth.permission", "pk": 10, "fields": {"name": "Can change professor detail", "content_type": 3, "codename": "change_professordetail"}}, {"model": "auth.permission", "pk": 11, "fields": {"name": "Can delete professor detail", "content_type": 3, "codename": "delete_professordetail"}}, {"model": "auth.permission", "pk": 12, "fields": {"name": "Can view professor detail", "content_type": 3, "codename": "view_professordetail"}}, {"model": "auth.permission", "pk": 13, "fields": {"name": "Can add professor subject", "content_type": 4, "codename": "add_professorsubject"}}, {"model": "auth.permission", "pk": 14, "fields": {"name": "Can change professor subject", "content_type": 4, "codename": "change_professorsubject"}}, {"model": "auth.permission", "pk": 15, "fields": {"name": "Can delete professor subject", "content_type": 4, "codename": "delete_professorsubject"}}, {"model": "auth.permission", "pk": 16, "fields": {"name": "Can view professor subject", "content_type": 4, "codename": "view_professorsubject"}}, {"model": "auth.permission", "pk": 17, "fields": {"name": "Can add department", "content_type": 5, "codename": "add_department"}}, {"model": "auth.permission", "pk": 18, "fields": {"name": "Can change department", "content_type": 5, "codename": "change_department"}}, {"model": "auth.permission", "pk": 19, "fields": {"name": "Can delete department", "content_type": 5, "codename": "delete_department"}}, {"model": "auth.permission", "pk": 20, "fields": {"name": "Can view department", "content_type": 5, "codename": "view_department"}}, {"model": "auth.permission", "pk": 21, "fields": {"name": "Can add subject", "content_type": 6, "codename": "add_subject"}}, {"model": "auth.permission", "pk": 22, "fields": {"name": "Can change subject", "content_type": 6, "codename": "change_subject"}}, {"model": "auth.permission", "pk": 23, "fields": {"name": "Can delete subject", "content_type": 6, "codename": "delete_subject"}}, {"model": "auth.permission", "pk": 24, "fields": {"name": "Can view subject", "content_type": 6, "codename": "view_subject"}}, {"model": "auth.permission", "pk": 25, "fields": {"name": "Can add question", "content_type": 7, "codename": "add_question"}}, {"model": "auth.permission", "pk": 26, "fields": {"name": "Can change question", "content_type": 7, "codename": "change_question"}}, {"model": "auth.permission", "pk": 27, "fields": {"name": "Can delete question", "content_type": 7, "codename": "delete_question"}}, {"model": "auth.permission", "pk": 28, "fields": {"name": "Can view question", "content_type": 7, "codename": "view_question"}}, {"model": "auth.permission", "pk": 29, "fields": {"name": "Can add question image", "content_type": 8, "codename": "add_questionimage"}}, {"model": "auth.permission", "pk": 30, "fields": {"name": "Can change question image", "content_type": 8, "codename": "change_questionimage"}}, {"model": "auth.permission", "pk": 31, "fields": {"name": "Can delete question image", "content_type": 8, "codename": "delete_questionimage"}}, {"model": "auth.permission", "pk": 32, "fields": {"name": "Can view question image", "content_type": 8, "codename": "view_questionimage"}}, {"model": "auth.permission", "pk": 33, "fields": {"name": "Can add question vote", "content_type": 9, "codename": "add_questionvote"}}, {"model": "auth.permission", "pk": 34, "fields": {"name": "Can change question vote", "content_type": 9, "codename": "change_questionvote"}}, {"model": "auth.permission", "pk": 35, "fields": {"name": "Can delete question vote", "content_type": 9, "codename": "delete_questionvote"}}, {"model": "auth.permission", "pk": 36, "fields": {"name": "Can view question vote", "content_type": 9, "codename": "view_questionvote"}}, {"model": "auth.permission", "pk": 37, "fields": {"name": "Can add answer", "content_type": 10, "codename": "add_answer"}}, {"model": "auth.permission", "pk": 38, "fields": {"name": "Can change answer", "content_type": 10, "codename": "change_answer"}}, {"model": "auth.permission", "pk": 39, "fields": {"name": "Can delete answer", "content_type": 10, "codename": "delete_answer"}}, {"model": "auth.permission", "pk": 40, "fields": {"name": "Can view answer", "content_type": 10, "codename": "view_answer"}}, {"model": "auth.permission", "pk": 41, "fields": {"name": "Can add answer image", "content_type": 11, "codename": "add_answerimage"}}, {"model": "auth.permission", "pk": 42, "fields": {"name": "Can change answer image", "content_type": 11, "codename": "change_answerimage"}}, {"model": "auth.permission", "pk": 43, "fields": {"name": "Can delete answer image", "content_type": 11, "codename": "delete_answerimage"}}, {"model": "auth.permission", "pk": 44, "fields": {"name": "Can view answer image", "content_type": 11, "codename": "view_answerimage"}}, {"model": "auth.permission", "pk": 45, "fields": {"name": "Can add answer vote", "content_type": 12, "codename": "add_answervote"}}, {"model": "auth.permission", "pk": 46, "fields": {"name": "Can change answer vote", "content_type": 12, "codename": "change_answervote"}}, {"model": "auth.permission", "pk": 47, "fields": {"name": "Can delete answer vote", "content_type": 12, "codename": "delete_answervote"}}, {"model": "auth.permission", "pk": 48, "fields": {"name": "Can view answer vote", "content_type": 12, "codename": "view_answervote"}}, {"model": "auth.permission", "pk": 49, "fields": {"name": "Can add log entry", "content_type": 13, "codename": "add_logentry"}}, {"model": "auth.permission", "pk": 50, "fields": {"name": "Can change log entry", "content_type": 13, "codename": "change_logentry"}}, {"model": "auth.permission", "pk": 51, "fields": {"name": "Can delete log entry", "content_type": 13, "codename": "delete_logentry"}}, {"model": "auth.permission", "pk": 52, "fields": {"name": "Can view log entry", "content_type": 13, "codename": "view_logentry"}}, {"model": "auth.permission", "pk": 53, "fields": {"name": "Can add permission", "content_type": 14, "codename": "add_permission"}}, {"model": "auth.permission", "pk": 54, "fields": {"name": "Can change permission", "content_type": 14, "codename": "change_permission"}}, {"model": "auth.permission", "pk": 55, "fields": {"name": "Can delete permission", "content_type": 14, "codename": "delete_permission"}}, {"model": "auth.permission", "pk": 56, "fields": {"name": "Can view permission", "content_type": 14, "codename": "view_permission"}}, {"model": "auth.permission", "pk": 57, "fields": {"name": "Can add group", "content_type": 15, "codename": "add_group"}}, {"model": "auth.permission", "pk": 58, "fields": {"name": "Can change group", "content_type": 15, "codename": "change_group"}}, {"model": "auth.permission", "pk": 59, "fields": {"name": "Can delete group", "content_type": 15, "codename": "delete_group"}}, {"model": "auth.permission", "pk": 60, "fields": {"name": "Can view group", "content_type": 15, "codename": "view_group"}}, {"model": "auth.permission", "pk": 61, "fields": {"name": "Can add user", "content_type": 16, "codename": "add_user"}}, {"model": "auth.permission", "pk": 62, "fields": {"name": "Can change user", "content_type": 16, "codename": "change_user"}}, {"model": "auth.permission", "pk": 63, "fields": {"name": "Can delete user", "content_type": 16, "codename": "delete_user"}}, {"model": "auth.permission", "pk": 64, "fields": {"name": "Can view user", "content_type": 16, "codename": "view_user"}}, {"model": "auth.permission", "pk": 65, "fields": {"name": "Can add content type", "content_type": 17, "codename": "add_contenttype"}}, {"model": "auth.permission", "pk": 66, "fields": {"name": "Can change content type", "content_type": 17, "codename": "change_contenttype"}}, {"model": "auth.permission", "pk": 67, "fields": {"name": "Can delete content type", "content_type": 17, "codename": "delete_contenttype"}}, {"model": "auth.permission", "pk": 68, "fields": {"name": "Can view content type", "content_type": 17, "codename": "view_contenttype"}}, {"model": "auth.permission", "pk": 69, "fields": {"name": "Can add session", "content_type": 18, "codename": "add_session"}}, {"model": "auth.permission", "pk": 70, "fields": {"name": "Can change session", "content_type": 18, "codename": "change_session"}}, {"model": "auth.permission", "pk": 71, "fields": {"name": "Can delete session", "content_type": 18, "codename": "delete_session"}}, {"model": "auth.permission", "pk": 72, "fields": {"name": "Can view session", "content_type": 18, "codename": "view_session"}}, {"model": "auth.permission", "pk": 73, "fields": {"name": "Can add message", "content_type": 19, "codename": "add_message"}}, {"model": "auth.permission", "pk": 74, "fields": {"name": "Can change message", "content_type": 19, "codename": "change_message"}}, {"model": "auth.permission", "pk": 75, "fields": {"name": "Can delete message", "content_type": 19, "codename": "delete_message"}}, {"model": "auth.permission", "pk": 76, "fields": {"name": "Can view message", "content_type": 19, "codename": "view_message"}}, {"model": "auth.permission", "pk": 77, "fields": {"name": "Can add reply", "content_type": 20, "codename": "add_reply"}}, {"model": "auth.permission", "pk": 78, "fields": {"name": "Can change reply", "content_type": 20, "codename": "change_reply"}}, {"model": "auth.permission", "pk": 79, "fields": {"name": "Can delete reply", "content_type": 20, "codename": "delete_reply"}}, {"model": "auth.permission", "pk": 80, "fields": {"name": "Can view reply", "content_type": 20, "codename": "view_reply"}}, {"model": "auth.user", "pk": 1, "fields": {"password": "pbkdf2_sha256$150000$RSqWPnjLqm43$V09tL9a0jvm1R3z0vlL6zdKYkdecKzJc7raTWzhA9cM=", "last_login": "2020-01-15T06:59:12.253Z", "is_superuser": true, "username": "disciple", "first_name": "", "last_name": "", "email": "", "is_staff": true, "is_active": true, "date_joined": "2019-05-12T10:45:56.799Z", "groups": [], "user_permissions": []}}, {"model": "admin.logentry", "pk": 1, "fields": {"action_time": "2019-05-12T11:58:10.478Z", "user": 1, "content_type": 5, "object_id": "CSE", "object_repr": "Computer Science and Engineering [CSE]", "action_flag": 1, "change_message": "[{\"added\": {}}]"}}, {"model": "admin.logentry", "pk": 2, "fields": {"action_time": "2019-05-12T11:58:31.586Z", "user": 1, "content_type": 5, "object_id": "IT", "object_repr": "Information Technology [IT]", "action_flag": 1, "change_message": "[{\"added\": {}}]"}}, {"model": "admin.logentry", "pk": 3, "fields": {"action_time": "2019-05-12T11:58:54.329Z", "user": 1, "content_type": 5, "object_id": "ECE", "object_repr": "Electronics and Communication Engineering [ECE]", "action_flag": 1, "change_message": "[{\"added\": {}}]"}}, {"model": "admin.logentry", "pk": 4, "fields": {"action_time": "2019-05-12T11:59:08.833Z", "user": 1, "content_type": 5, "object_id": "EE", "object_repr": "Electrical Engineering [EE]", "action_flag": 1, "change_message": "[{\"added\": {}}]"}}, {"model": "admin.logentry", "pk": 5, "fields": {"action_time": "2019-05-12T11:59:23.889Z", "user": 1, "content_type": 5, "object_id": "ME", "object_repr": "Mechanical Engineering [ME]", "action_flag": 1, "change_message": "[{\"added\": {}}]"}}, {"model": "admin.logentry", "pk": 6, "fields": {"action_time": "2019-05-12T12:00:07.990Z", "user": 1, "content_type": 5, "object_id": "EIE", "object_repr": "Applied Electronics and Instrumentation Engineering [EIE]", "action_flag": 1, "change_message": "[{\"added\": {}}]"}}, {"model": "admin.logentry", "pk": 7, "fields": {"action_time": "2019-05-12T12:07:23.514Z", "user": 1, "content_type": 6, "object_id": "1", "object_repr": "Design and Analysis of Algorithm [CS 501]", "action_flag": 1, "change_message": "[{\"added\": {}}]"}}, {"model": "admin.logentry", "pk": 8, "fields": {"action_time": "2019-05-12T12:08:23.396Z", "user": 1, "content_type": 6, "object_id": "2", "object_repr": "Object-Oriented Programming [CS 504D]", "action_flag": 1, "change_message": "[{\"added\": {}}]"}}, {"model": "admin.logentry", "pk": 9, "fields": {"action_time": "2019-05-12T12:09:07.409Z", "user": 1, "content_type": 6, "object_id": "3", "object_repr": "Database Management System [CS 601]", "action_flag": 1, "change_message": "[{\"added\": {}}]"}}, {"model": "admin.logentry", "pk": 10, "fields": {"action_time": "2019-05-12T12:09:37.563Z", "user": 1, "content_type": 6, "object_id": "4", "object_repr": "Operating System [CS 603]", "action_flag": 1, "change_message": "[{\"added\": {}}]"}}, {"model": "admin.logentry", "pk": 11, "fields": {"action_time": "2019-05-12T12:10:08.088Z", "user": 1, "content_type": 6, "object_id": "5", "object_repr": "Computer Networks [CS 602]", "action_flag": 1, "change_message": "[{\"added\": {}}]"}}, {"model": "admin.logentry", "pk": 12, "fields": {"action_time": "2019-05-12T12:10:52.067Z", "user": 1, "content_type": 6, "object_id": "6", "object_repr": "Software Engineering [CS 701]", "action_flag": 1, "change_message": "[{\"added\": {}}]"}}, {"model": "admin.logentry", "pk": 13, "fields": {"action_time": "2019-05-12T12:13:14.894Z", "user": 1, "content_type": 6, "object_id": "7", "object_repr": "Design & Analysis of Algorithm [IT 501]", "action_flag": 1, "change_message": "[{\"added\": {}}]"}}, {"model": "admin.logentry", "pk": 14, "fields": {"action_time": "2019-05-12T12:18:01.971Z", "user": 1, "content_type": 1, "object_id": "1", "object_repr": "S: Anu Gupta [CSE]", "action_flag": 1, "change_message": "[{\"added\": {}}]"}}, {"model": "admin.logentry", "pk": 15, "fields": {"action_time": "2019-05-12T12:18:53.011Z", "user": 1, "content_type": 7, "object_id": "1", "object_repr": "Question object (1)", "action_flag": 1, "change_message": "[{\"added\": {}}]"}}, {"model": "admin.logentry", "pk": 16, "fields": {"action_time": "2019-05-12T12:27:14.806Z", "user": 1, "content_type": 1, "object_id": "2", "object_repr": "S: Diptangsu Goswami [CSE]", "action_flag": 1, "change_message": "[{\"added\": {}}]"}}, {"model": "admin.logentry", "pk": 17, "fields": {"action_time": "2019-05-12T12:28:16.023Z", "user": 1, "content_type": 7, "object_id": "2", "object_repr": "What does \"static\"  mean in JAVA? [Diptangsu, CS 504D]", "action_flag": 1, "change_message": "[{\"added\": {}}]"}}, {"model": "admin.logentry", "pk": 18, "fields": {"action_time": "2019-05-12T12:34:27.205Z", "user": 1, "content_type": 1, "object_id": "3", "object_repr": "S: Koustav Chanda [CSE]", "action_flag": 1, "change_message": "[{\"added\": {}}]"}}, {"model": "admin.logentry", "pk": 19, "fields": {"action_time": "2019-05-12T12:34:36.924Z", "user": 1, "content_type": 7, "object_id": "3", "object_repr": "How to find longest common subsequence? [Koustav, CS 501]", "action_flag": 1, "change_message": "[{\"added\": {}}]"}}, {"model": "admin.logentry", "pk": 20, "fields": {"action_time": "2019-05-12T13:19:04.271Z", "user": 1, "content_type": 10, "object_id": "1", "object_repr": "Answer object (1)", "action_flag": 1, "change_message": "[{\"added\": {}}]"}}, {"model": "admin.logentry", "pk": 21, "fields": {"action_time": "2019-05-12T13:22:21.583Z", "user": 1, "content_type": 10, "object_id": "2", "object_repr": "Koustav: What is the time complexity of Heap Sort?", "action_flag": 1, "change_message": "[{\"added\": {}}]"}}, {"model": "admin.logentry", "pk": 22, "fields": {"action_time": "2019-05-12T16:15:56.458Z", "user": 1, "content_type": 9, "object_id": "1", "object_repr": "QuestionVote object (1)", "action_flag": 1, "change_message": "[{\"added\": {}}]"}}, {"model": "admin.logentry", "pk": 23, "fields": {"action_time": "2019-05-12T16:16:04.254Z", "user": 1, "content_type": 9, "object_id": "2", "object_repr": "QuestionVote object (2)", "action_flag": 1, "change_message": "[{\"added\": {}}]"}}, {"model": "admin.logentry", "pk": 24, "fields": {"action_time": "2019-05-12T16:16:12.412Z", "user": 1, "content_type": 9, "object_id": "3", "object_repr": "QuestionVote object (3)", "action_flag": 1, "change_message": "[{\"added\": {}}]"}}, {"model": "admin.logentry", "pk": 25, "fields": {"action_time": "2019-05-12T16:49:01.773Z", "user": 1, "content_type": 7, "object_id": "4", "object_repr": "What is a primary key? [Diptangsu, CS 601]", "action_flag": 1, "change_message": "[{\"added\": {}}]"}}, {"model": "admin.logentry", "pk": 26, "fields": {"action_time": "2019-05-12T17:08:11.265Z", "user": 1, "content_type": 12, "object_id": "1", "object_repr": "DownVote: Anu, Koustav: What is the time complexity of Heap Sort?", "action_flag": 1, "change_message": "[{\"added\": {}}]"}}, {"model": "admin.logentry", "pk": 27, "fields": {"action_time": "2019-05-12T17:22:17.927Z", "user": 1, "content_type": 6, "object_id": "7", "object_repr": "Design & Analysis of Algorithm [IT-501]", "action_flag": 2, "change_message": "[{\"changed\": {\"fields\": [\"code\"]}}]"}}, {"model": "admin.logentry", "pk": 28, "fields": {"action_time": "2019-05-12T17:22:23.269Z", "user": 1, "content_type": 6, "object_id": "6", "object_repr": "Software Engineering [CS-701]", "action_flag": 2, "change_message": "[{\"changed\": {\"fields\": [\"code\"]}}]"}}, {"model": "admin.logentry", "pk": 29, "fields": {"action_time": "2019-05-12T17:22:28.681Z", "user": 1, "content_type": 6, "object_id": "5", "object_repr": "Computer Networks [CS-602]", "action_flag": 2, "change_message": "[{\"changed\": {\"fields\": [\"code\"]}}]"}}, {"model": "admin.logentry", "pk": 30, "fields": {"action_time": "2019-05-12T17:22:33.730Z", "user": 1, "content_type": 6, "object_id": "4", "object_repr": "Operating System [CS-603]", "action_flag": 2, "change_message": "[{\"changed\": {\"fields\": [\"code\"]}}]"}}, {"model": "admin.logentry", "pk": 31, "fields": {"action_time": "2019-05-12T17:22:39.940Z", "user": 1, "content_type": 6, "object_id": "3", "object_repr": "Database Management System [CS-601]", "action_flag": 2, "change_message": "[{\"changed\": {\"fields\": [\"code\"]}}]"}}, {"model": "admin.logentry", "pk": 32, "fields": {"action_time": "2019-05-12T17:22:45.450Z", "user": 1, "content_type": 6, "object_id": "2", "object_repr": "Object-Oriented Programming [CS-504D]", "action_flag": 2, "change_message": "[{\"changed\": {\"fields\": [\"code\"]}}]"}}, {"model": "admin.logentry", "pk": 33, "fields": {"action_time": "2019-05-12T17:22:49.916Z", "user": 1, "content_type": 6, "object_id": "1", "object_repr": "Design and Analysis of Algorithm [CS-501]", "action_flag": 2, "change_message": "[{\"changed\": {\"fields\": [\"code\"]}}]"}}, {"model": "admin.logentry", "pk": 34, "fields": {"action_time": "2019-05-12T18:28:47.967Z", "user": 1, "content_type": 1, "object_id": "4", "object_repr": "Professor: Prosenjit Das [CSE]", "action_flag": 1, "change_message": "[{\"added\": {}}]"}}, {"model": "admin.logentry", "pk": 35, "fields": {"action_time": "2019-05-12T18:31:07.803Z", "user": 1, "content_type": 1, "object_id": "5", "object_repr": "Professor: Nil Grover [CSE]", "action_flag": 1, "change_message": "[{\"added\": {}}]"}}, {"model": "admin.logentry", "pk": 36, "fields": {"action_time": "2019-05-12T18:33:16.939Z", "user": 1, "content_type": 1, "object_id": "6", "object_repr": "Professor: DebosmiTHA Bhattacharyya [CSE]", "action_flag": 1, "change_message": "[{\"added\": {}}]"}}, {"model": "admin.logentry", "pk": 37, "fields": {"action_time": "2019-05-12T18:33:39.469Z", "user": 1, "content_type": 1, "object_id": "5", "object_repr": "Professor: Nil Grover [IT]", "action_flag": 2, "change_message": "[{\"changed\": {\"fields\": [\"department\"]}}]"}}, {"model": "admin.logentry", "pk": 38, "fields": {"action_time": "2019-05-13T10:11:55.951Z", "user": 1, "content_type": 10, "object_id": "3", "object_repr": "Koustav: What is a primary key?", "action_flag": 1, "change_message": "[{\"added\": {}}]"}}, {"model": "admin.logentry", "pk": 39, "fields": {"action_time": "2019-05-13T18:14:52.987Z", "user": 1, "content_type": 5, "object_id": "ME", "object_repr": "Mechanical Engineering [ME]", "action_flag": 2, "change_message": "[{\"changed\": {\"fields\": [\"icon\"]}}]"}}, {"model": "admin.logentry", "pk": 40, "fields": {"action_time": "2019-05-13T18:15:54.994Z", "user": 1, "content_type": 5, "object_id": "CSE", "object_repr": "Computer Science and Engineering [CSE]", "action_flag": 2, "change_message": "[{\"changed\": {\"fields\": [\"icon\"]}}]"}}, {"model": "admin.logentry", "pk": 41, "fields": {"action_time": "2019-05-13T18:17:47.921Z", "user": 1, "content_type": 5, "object_id": "IT", "object_repr": "Information Technology [IT]", "action_flag": 2, "change_message": "[{\"changed\": {\"fields\": [\"icon\"]}}]"}}, {"model": "admin.logentry", "pk": 42, "fields": {"action_time": "2019-05-13T18:20:25.282Z", "user": 1, "content_type": 5, "object_id": "EE", "object_repr": "Electrical Engineering [EE]", "action_flag": 2, "change_message": "[{\"changed\": {\"fields\": [\"icon\"]}}]"}}, {"model": "admin.logentry", "pk": 43, "fields": {"action_time": "2019-05-13T18:24:37.539Z", "user": 1, "content_type": 5, "object_id": "EIE", "object_repr": "Applied Electronics and Instrumentation Engineering [EIE]", "action_flag": 2, "change_message": "[{\"changed\": {\"fields\": [\"icon\"]}}]"}}, {"model": "admin.logentry", "pk": 44, "fields": {"action_time": "2019-05-13T18:24:49.952Z", "user": 1, "content_type": 5, "object_id": "ECE", "object_repr": "Electronics and Communication Engineering [ECE]", "action_flag": 2, "change_message": "[{\"changed\": {\"fields\": [\"icon\"]}}]"}}, {"model": "admin.logentry", "pk": 45, "fields": {"action_time": "2019-05-13T19:27:44.585Z", "user": 1, "content_type": 7, "object_id": "4", "object_repr": "What is a primary key? [Diptangsu, CS-601]", "action_flag": 2, "change_message": "[{\"changed\": {\"fields\": [\"body\"]}}]"}}, {"model": "admin.logentry", "pk": 46, "fields": {"action_time": "2019-05-14T08:24:59.243Z", "user": 1, "content_type": 6, "object_id": "8", "object_repr": "Mechanics [ME-102]", "action_flag": 1, "change_message": "[{\"added\": {}}]"}}, {"model": "admin.logentry", "pk": 47, "fields": {"action_time": "2019-05-14T08:25:02.762Z", "user": 1, "content_type": 7, "object_id": "5", "object_repr": "What is mechanical engineering? [Koustav, ME-102]", "action_flag": 1, "change_message": "[{\"added\": {}}]"}}, {"model": "admin.logentry", "pk": 48, "fields": {"action_time": "2019-05-14T09:46:45.846Z", "user": 1, "content_type": 9, "object_id": "6", "object_repr": "DownVote: Diptangsu, What does \"static\"  mean in JAVA? [Diptangsu, CS-504D]", "action_flag": 3, "change_message": ""}}, {"model": "admin.logentry", "pk": 49, "fields": {"action_time": "2019-05-14T09:46:46.158Z", "user": 1, "content_type": 9, "object_id": "5", "object_repr": "UpVote: Diptangsu, What is a primary key? [Diptangsu, CS-601]", "action_flag": 3, "change_message": ""}}, {"model": "admin.logentry", "pk": 50, "fields": {"action_time": "2019-05-14T09:46:46.398Z", "user": 1, "content_type": 9, "object_id": "4", "object_repr": "UpVote: Diptangsu, How to find longest common subsequence? [Koustav, CS-501]", "action_flag": 3, "change_message": ""}}, {"model": "admin.logentry", "pk": 51, "fields": {"action_time": "2019-05-14T09:46:46.709Z", "user": 1, "content_type": 9, "object_id": "2", "object_repr": "UpVote: Diptangsu, What is the time complexity of Heap Sort? [Anu, CS-501]", "action_flag": 3, "change_message": ""}}, {"model": "admin.logentry", "pk": 52, "fields": {"action_time": "2019-05-14T09:49:46.459Z", "user": 1, "content_type": 9, "object_id": "9", "object_repr": "DownVote: Diptangsu, What does \"static\"  mean in JAVA? [Diptangsu, CS-504D]", "action_flag": 3, "change_message": ""}}, {"model": "admin.logentry", "pk": 53, "fields": {"action_time": "2019-05-14T09:49:46.830Z", "user": 1, "content_type": 9, "object_id": "8", "object_repr": "DownVote: Diptangsu, How to find longest common subsequence? [Koustav, CS-501]", "action_flag": 3, "change_message": ""}}, {"model": "admin.logentry", "pk": 54, "fields": {"action_time": "2019-05-14T09:49:47.444Z", "user": 1, "content_type": 9, "object_id": "7", "object_repr": "UpVote: Diptangsu, What is a primary key? [Diptangsu, CS-601]", "action_flag": 3, "change_message": ""}}, {"model": "admin.logentry", "pk": 55, "fields": {"action_time": "2019-05-14T13:10:15.875Z", "user": 1, "content_type": 9, "object_id": "13", "object_repr": "UpVote: Diptangsu, What is a primary key? [Diptangsu, CS-601]", "action_flag": 3, "change_message": ""}}, {"model": "admin.logentry", "pk": 56, "fields": {"action_time": "2019-05-14T13:10:16.169Z", "user": 1, "content_type": 9, "object_id": "12", "object_repr": "DownVote: Diptangsu, What is the time complexity of Heap Sort? [Anu, CS-501]", "action_flag": 3, "change_message": ""}}, {"model": "admin.logentry", "pk": 57, "fields": {"action_time": "2019-05-14T13:10:16.347Z", "user": 1, "content_type": 9, "object_id": "11", "object_repr": "DownVote: Diptangsu, What does \"static\"  mean in JAVA? [Diptangsu, CS-504D]", "action_flag": 3, "change_message": ""}}, {"model": "admin.logentry", "pk": 58, "fields": {"action_time": "2019-05-14T13:10:16.595Z", "user": 1, "content_type": 9, "object_id": "10", "object_repr": "UpVote: Diptangsu, How to find longest common subsequence? [Koustav, CS-501]", "action_flag": 3, "change_message": ""}}, {"model": "admin.logentry", "pk": 59, "fields": {"action_time": "2019-05-14T14:17:24.039Z", "user": 1, "content_type": 10, "object_id": "4", "object_repr": "DebosmiTHA: What is the time complexity of Heap Sort?", "action_flag": 1, "change_message": "[{\"added\": {}}]"}}, {"model": "admin.logentry", "pk": 60, "fields": {"action_time": "2019-05-14T14:22:27.732Z", "user": 1, "content_type": 9, "object_id": "17", "object_repr": "UpVote: Diptangsu, What is the time complexity of Heap Sort? [Anu, CS-501]", "action_flag": 3, "change_message": ""}}, {"model": "admin.logentry", "pk": 61, "fields": {"action_time": "2019-05-14T14:38:31.201Z", "user": 1, "content_type": 12, "object_id": "3", "object_repr": "UpVote: Diptangsu, Diptangsu: What is the time complexity of Heap Sort?", "action_flag": 3, "change_message": ""}}, {"model": "admin.logentry", "pk": 62, "fields": {"action_time": "2019-05-14T16:16:45.047Z", "user": 1, "content_type": 1, "object_id": "2", "object_repr": "(2) Student: Diptangsu Goswami [CSE]", "action_flag": 2, "change_message": "[{\"changed\": {\"fields\": [\"year_of_joining\"]}}]"}}, {"model": "admin.logentry", "pk": 63, "fields": {"action_time": "2019-05-15T09:26:31.405Z", "user": 1, "content_type": 7, "object_id": "1", "object_repr": "What is the time complexity of Heap Sort? [Anu, CS-501]", "action_flag": 2, "change_message": "[{\"changed\": {\"fields\": [\"body\"]}}]"}}, {"model": "admin.logentry", "pk": 64, "fields": {"action_time": "2019-05-15T09:27:15.527Z", "user": 1, "content_type": 7, "object_id": "1", "object_repr": "What is the time complexity of Heap Sort? [Anu, CS-501]", "action_flag": 2, "change_message": "[{\"changed\": {\"fields\": [\"body\"]}}]"}}, {"model": "admin.logentry", "pk": 65, "fields": {"action_time": "2019-05-15T09:27:40.226Z", "user": 1, "content_type": 7, "object_id": "1", "object_repr": "What is the time complexity of Heap Sort? [Anu, CS-501]", "action_flag": 2, "change_message": "[{\"changed\": {\"fields\": [\"body\"]}}]"}}, {"model": "admin.logentry", "pk": 66, "fields": {"action_time": "2019-05-15T15:27:22.034Z", "user": 1, "content_type": 1, "object_id": "6", "object_repr": "(6) Student: DebosmiTHA Bhattacharyya [CSE]", "action_flag": 2, "change_message": "[{\"changed\": {\"fields\": [\"user_type\", \"email_id\"]}}]"}}, {"model": "admin.logentry", "pk": 67, "fields": {"action_time": "2019-05-15T15:39:49.906Z", "user": 1, "content_type": 7, "object_id": "6", "object_repr": "What is the problem with my code? [DebosmiTHA, CS-501]", "action_flag": 1, "change_message": "[{\"added\": {}}]"}}, {"model": "admin.logentry", "pk": 68, "fields": {"action_time": "2019-05-15T17:23:03.702Z", "user": 1, "content_type": 16, "object_id": "2", "object_repr": "Arnab", "action_flag": 1, "change_message": "[{\"added\": {}}]"}}, {"model": "admin.logentry", "pk": 69, "fields": {"action_time": "2019-05-15T17:24:25.219Z", "user": 1, "content_type": 16, "object_id": "2", "object_repr": "Arnab", "action_flag": 2, "change_message": "[{\"changed\": {\"fields\": [\"first_name\", \"last_name\", \"email\"]}}]"}}, {"model": "admin.logentry", "pk": 70, "fields": {"action_time": "2019-05-15T17:24:42.978Z", "user": 1, "content_type": 1, "object_id": "2", "object_repr": "(2) Student: Diptangsu Goswami [CSE]", "action_flag": 2, "change_message": "[]"}}, {"model": "admin.logentry", "pk": 71, "fields": {"action_time": "2019-05-15T17:25:09.670Z", "user": 1, "content_type": 1, "object_id": "6", "object_repr": "(6) Student: Debosmitha Bhattacharyya [CSE]", "action_flag": 2, "change_message": "[{\"changed\": {\"fields\": [\"first_name\", \"picture\"]}}]"}}, {"model": "admin.logentry", "pk": 72, "fields": {"action_time": "2019-05-15T17:26:10.761Z", "user": 1, "content_type": 16, "object_id": "2", "object_repr": "Arnab", "action_flag": 3, "change_message": ""}}, {"model": "admin.logentry", "pk": 73, "fields": {"action_time": "2019-05-15T17:27:27.673Z", "user": 1, "content_type": 1, "object_id": "3", "object_repr": "(3) Student: Koustav Chanda [CSE]", "action_flag": 2, "change_message": "[]"}}, {"model": "admin.logentry", "pk": 74, "fields": {"action_time": "2019-05-15T17:27:44.781Z", "user": 1, "content_type": 1, "object_id": "7", "object_repr": "(7) Student: Arnab Halder [CSE]", "action_flag": 1, "change_message": "[{\"added\": {}}]"}}, {"model": "admin.logentry", "pk": 75, "fields": {"action_time": "2019-05-15T17:27:46.375Z", "user": 1, "content_type": 1, "object_id": "8", "object_repr": "(8) Student: Anurag Dutta [CSE]", "action_flag": 1, "change_message": "[{\"added\": {}}]"}}, {"model": "admin.logentry", "pk": 76, "fields": {"action_time": "2019-05-15T17:30:56.561Z", "user": 1, "content_type": 7, "object_id": "6", "object_repr": "What is the problem with my code? [Debosmitha, CS-504D]", "action_flag": 2, "change_message": "[{\"changed\": {\"fields\": [\"body\", \"subject\"]}}]"}}, {"model": "admin.logentry", "pk": 77, "fields": {"action_time": "2019-05-15T17:31:10.130Z", "user": 1, "content_type": 7, "object_id": "2", "object_repr": "What does \"static\"  mean in JAVA? [Anurag, CS-504D]", "action_flag": 2, "change_message": "[{\"changed\": {\"fields\": [\"body\", \"user\"]}}]"}}, {"model": "admin.logentry", "pk": 78, "fields": {"action_time": "2019-05-15T17:31:59.610Z", "user": 1, "content_type": 7, "object_id": "2", "object_repr": "What does \"static\"  mean in JAVA? [Anurag, CS-504D]", "action_flag": 2, "change_message": "[{\"changed\": {\"fields\": [\"body\"]}}]"}}, {"model": "admin.logentry", "pk": 79, "fields": {"action_time": "2019-05-15T17:32:41.907Z", "user": 1, "content_type": 7, "object_id": "2", "object_repr": "What does \"static\"  mean in JAVA? [Anurag, CS-504D]", "action_flag": 2, "change_message": "[{\"changed\": {\"fields\": [\"body\"]}}]"}}, {"model": "admin.logentry", "pk": 80, "fields": {"action_time": "2019-05-15T17:33:00.771Z", "user": 1, "content_type": 7, "object_id": "7", "object_repr": "What is tree? [Arnab, CS-501]", "action_flag": 1, "change_message": "[{\"added\": {}}]"}}, {"model": "admin.logentry", "pk": 81, "fields": {"action_time": "2019-05-15T17:34:49.544Z", "user": 1, "content_type": 7, "object_id": "4", "object_repr": "What is a primary key? [Koustav, CS-601]", "action_flag": 2, "change_message": "[{\"changed\": {\"fields\": [\"body\", \"user\"]}}]"}}, {"model": "admin.logentry", "pk": 82, "fields": {"action_time": "2019-05-15T17:34:57.587Z", "user": 1, "content_type": 7, "object_id": "8", "object_repr": "What is the time complexity of AVL tree? [Arnab, CS-501]", "action_flag": 1, "change_message": "[{\"added\": {}}]"}}, {"model": "admin.logentry", "pk": 83, "fields": {"action_time": "2019-05-15T17:35:42.871Z", "user": 1, "content_type": 7, "object_id": "5", "object_repr": "What is torque? [Koustav, ME-102]", "action_flag": 2, "change_message": "[{\"changed\": {\"fields\": [\"name\", \"body\"]}}]"}}, {"model": "admin.logentry", "pk": 84, "fields": {"action_time": "2019-05-15T17:37:35.114Z", "user": 1, "content_type": 7, "object_id": "4", "object_repr": "What is a primary key? [Debosmitha, CS-601]", "action_flag": 2, "change_message": "[{\"changed\": {\"fields\": [\"user\"]}}]"}}, {"model": "admin.logentry", "pk": 85, "fields": {"action_time": "2019-05-15T17:37:51.517Z", "user": 1, "content_type": 7, "object_id": "3", "object_repr": "How to find longest common subsequence? [Debosmitha, CS-501]", "action_flag": 2, "change_message": "[{\"changed\": {\"fields\": [\"user\"]}}]"}}, {"model": "admin.logentry", "pk": 86, "fields": {"action_time": "2019-05-15T17:39:50.991Z", "user": 1, "content_type": 7, "object_id": "9", "object_repr": "How can I do an UPDATE statement with JOIN in SQL? [Anurag, CS-501]", "action_flag": 1, "change_message": "[{\"added\": {}}]"}}, {"model": "admin.logentry", "pk": 87, "fields": {"action_time": "2019-05-15T17:40:49.649Z", "user": 1, "content_type": 7, "object_id": "6", "object_repr": "What is the problem with my code? [Debosmitha, CS-504D]", "action_flag": 2, "change_message": "[]"}}, {"model": "admin.logentry", "pk": 88, "fields": {"action_time": "2019-05-15T17:42:28.663Z", "user": 1, "content_type": 7, "object_id": "9", "object_repr": "How can I do an UPDATE statement with JOIN in SQL? [Anurag, CS-501]", "action_flag": 2, "change_message": "[{\"changed\": {\"fields\": [\"body\"]}}]"}}, {"model": "admin.logentry", "pk": 89, "fields": {"action_time": "2019-05-15T17:43:03.691Z", "user": 1, "content_type": 7, "object_id": "9", "object_repr": "How can I do an UPDATE statement with JOIN in SQL? [Anurag, CS-501]", "action_flag": 2, "change_message": "[{\"changed\": {\"fields\": [\"body\"]}}]"}}, {"model": "admin.logentry", "pk": 90, "fields": {"action_time": "2019-05-15T17:45:44.569Z", "user": 1, "content_type": 10, "object_id": "6", "object_repr": "Diptangsu: How can I do an UPDATE statement with JOIN in SQL?", "action_flag": 1, "change_message": "[{\"added\": {}}]"}}, {"model": "admin.logentry", "pk": 91, "fields": {"action_time": "2019-05-15T17:45:49.937Z", "user": 1, "content_type": 10, "object_id": "7", "object_repr": "Anu: What is tree?", "action_flag": 1, "change_message": "[{\"added\": {}}]"}}, {"model": "admin.logentry", "pk": 92, "fields": {"action_time": "2019-05-15T17:47:03.861Z", "user": 1, "content_type": 10, "object_id": "8", "object_repr": "Anu: How to find longest common subsequence?", "action_flag": 1, "change_message": "[{\"added\": {}}]"}}, {"model": "admin.logentry", "pk": 93, "fields": {"action_time": "2019-05-15T17:47:27.518Z", "user": 1, "content_type": 10, "object_id": "9", "object_repr": "Anurag: What is torque?", "action_flag": 1, "change_message": "[{\"added\": {}}]"}}, {"model": "admin.logentry", "pk": 94, "fields": {"action_time": "2019-05-15T17:48:01.164Z", "user": 1, "content_type": 10, "object_id": "10", "object_repr": "Anu: What is the time complexity of AVL tree?", "action_flag": 1, "change_message": "[{\"added\": {}}]"}}, {"model": "admin.logentry", "pk": 95, "fields": {"action_time": "2019-05-15T17:55:58.688Z", "user": 1, "content_type": 7, "object_id": "10", "object_repr": "Linux OS command line question [Anu, CS-603]", "action_flag": 1, "change_message": "[{\"added\": {}}]"}}, {"model": "admin.logentry", "pk": 96, "fields": {"action_time": "2019-05-15T17:58:06.097Z", "user": 1, "content_type": 7, "object_id": "11", "object_repr": "Kernel in Operating system [Anu, CS-603]", "action_flag": 1, "change_message": "[{\"added\": {}}]"}}, {"model": "admin.logentry", "pk": 97, "fields": {"action_time": "2019-05-15T18:00:51.491Z", "user": 1, "content_type": 7, "object_id": "12", "object_repr": "IP addressing [Anu, CS-602]", "action_flag": 1, "change_message": "[{\"added\": {}}]"}}, {"model": "admin.logentry", "pk": 98, "fields": {"action_time": "2019-05-15T18:04:52.424Z", "user": 1, "content_type": 7, "object_id": "11", "object_repr": "Kernel in Operating system [Debosmitha, CS-603]", "action_flag": 2, "change_message": "[{\"changed\": {\"fields\": [\"user\"]}}]"}}, {"model": "admin.logentry", "pk": 99, "fields": {"action_time": "2019-05-15T18:24:10.589Z", "user": 1, "content_type": 10, "object_id": "4", "object_repr": "Debosmitha: What is the time complexity of Heap Sort?", "action_flag": 2, "change_message": "[{\"changed\": {\"fields\": [\"body\"]}}]"}}, {"model": "admin.logentry", "pk": 100, "fields": {"action_time": "2019-05-15T18:28:50.209Z", "user": 1, "content_type": 1, "object_id": "4", "object_repr": "(4) Professor: John Doe [CSE]", "action_flag": 2, "change_message": "[{\"changed\": {\"fields\": [\"first_name\", \"last_name\", \"email_id\", \"password\"]}}]"}}, {"model": "admin.logentry", "pk": 101, "fields": {"action_time": "2019-05-15T20:49:14.931Z", "user": 1, "content_type": 7, "object_id": "13", "object_repr": "Question object (13)", "action_flag": 2, "change_message": "[{\"changed\": {\"fields\": [\"user\"]}}]"}}, {"model": "admin.logentry", "pk": 102, "fields": {"action_time": "2019-05-15T20:50:15.469Z", "user": 1, "content_type": 7, "object_id": "13", "object_repr": "This is a test question [Diptangsu, CS-603]", "action_flag": 3, "change_message": ""}}, {"model": "admin.logentry", "pk": 103, "fields": {"action_time": "2019-05-15T20:51:36.579Z", "user": 1, "content_type": 7, "object_id": "14", "object_repr": "This is a test question [Debosmitha, CS-603]", "action_flag": 3, "change_message": ""}}, {"model": "admin.logentry", "pk": 104, "fields": {"action_time": "2019-05-16T12:44:17.538Z", "user": 1, "content_type": 6, "object_id": "9", "object_repr": "Data Structures [CS-201]", "action_flag": 1, "change_message": "[{\"added\": {}}]"}}, {"model": "admin.logentry", "pk": 105, "fields": {"action_time": "2019-05-16T12:44:27.906Z", "user": 1, "content_type": 7, "object_id": "15", "object_repr": "Data structure concept [Anu, CS-201]", "action_flag": 1, "change_message": "[{\"added\": {}}]"}}, {"model": "admin.logentry", "pk": 106, "fields": {"action_time": "2019-05-16T12:46:18.732Z", "user": 1, "content_type": 7, "object_id": "16", "object_repr": "Analysis of big-o [Anu, IT-501]", "action_flag": 1, "change_message": "[{\"added\": {}}]"}}, {"model": "admin.logentry", "pk": 107, "fields": {"action_time": "2019-05-16T12:47:02.612Z", "user": 1, "content_type": 7, "object_id": "17", "object_repr": "Big-O [Anu, IT-501]", "action_flag": 1, "change_message": "[{\"added\": {}}]"}}, {"model": "admin.logentry", "pk": 108, "fields": {"action_time": "2019-05-16T12:47:57.156Z", "user": 1, "content_type": 7, "object_id": "18", "object_repr": "Understanding definition of Big-O [Anu, IT-501]", "action_flag": 1, "change_message": "[{\"added\": {}}]"}}, {"model": "admin.logentry", "pk": 109, "fields": {"action_time": "2019-05-16T12:49:19.861Z", "user": 1, "content_type": 7, "object_id": "19", "object_repr": "Big-O [Anu, IT-501]", "action_flag": 1, "change_message": "[{\"added\": {}}]"}}, {"model": "admin.logentry", "pk": 110, "fields": {"action_time": "2019-05-16T12:49:57.335Z", "user": 1, "content_type": 7, "object_id": "20", "object_repr": "Algorithm [Anu, IT-501]", "action_flag": 1, "change_message": "[{\"added\": {}}]"}}, {"model": "admin.logentry", "pk": 111, "fields": {"action_time": "2019-05-16T12:50:31.789Z", "user": 1, "content_type": 7, "object_id": "21", "object_repr": "Algorithm [Anu, IT-501]", "action_flag": 1, "change_message": "[{\"added\": {}}]"}}, {"model": "admin.logentry", "pk": 112, "fields": {"action_time": "2019-05-16T12:51:38.144Z", "user": 1, "content_type": 7, "object_id": "22", "object_repr": "Stack concept [Anu, CS-201]", "action_flag": 1, "change_message": "[{\"added\": {}}]"}}, {"model": "admin.logentry", "pk": 113, "fields": {"action_time": "2019-05-16T12:52:56.179Z", "user": 1, "content_type": 7, "object_id": "23", "object_repr": "Stack concept [Anu, CS-201]", "action_flag": 1, "change_message": "[{\"added\": {}}]"}}, {"model": "admin.logentry", "pk": 114, "fields": {"action_time": "2019-05-16T12:53:25.047Z", "user": 1, "content_type": 7, "object_id": "24", "object_repr": "Stack concept [Anu, CS-201]", "action_flag": 1, "change_message": "[{\"added\": {}}]"}}, {"model": "admin.logentry", "pk": 115, "fields": {"action_time": "2019-05-16T12:53:50.324Z", "user": 1, "content_type": 7, "object_id": "25", "object_repr": "Stack concept [Anu, CS-201]", "action_flag": 1, "change_message": "[{\"added\": {}}]"}}, {"model": "admin.logentry", "pk": 116, "fields": {"action_time": "2019-05-16T12:54:25.915Z", "user": 1, "content_type": 7, "object_id": "26", "object_repr": "queue v/s stack [Anu, CS-201]", "action_flag": 1, "change_message": "[{\"added\": {}}]"}}, {"model": "admin.logentry", "pk": 117, "fields": {"action_time": "2019-05-16T12:55:07.573Z", "user": 1, "content_type": 7, "object_id": "27", "object_repr": "Linked list [Anu, CS-201]", "action_flag": 1, "change_message": "[{\"added\": {}}]"}}, {"model": "admin.logentry", "pk": 118, "fields": {"action_time": "2019-05-16T12:55:31.108Z", "user": 1, "content_type": 7, "object_id": "28", "object_repr": "Stack concept [Anu, IT-501]", "action_flag": 1, "change_message": "[{\"added\": {}}]"}}, {"model": "admin.logentry", "pk": 119, "fields": {"action_time": "2019-05-16T12:56:13.055Z", "user": 1, "content_type": 7, "object_id": "29", "object_repr": "queue & Linked list [Anu, CS-201]", "action_flag": 1, "change_message": "[{\"added\": {}}]"}}, {"model": "admin.logentry", "pk": 120, "fields": {"action_time": "2019-05-16T12:56:38.795Z", "user": 1, "content_type": 7, "object_id": "30", "object_repr": "Stack concept [Anu, CS-201]", "action_flag": 1, "change_message": "[{\"added\": {}}]"}}, {"model": "admin.logentry", "pk": 121, "fields": {"action_time": "2019-05-16T12:57:41.263Z", "user": 1, "content_type": 7, "object_id": "31", "object_repr": "Linked list [Anu, CS-201]", "action_flag": 1, "change_message": "[{\"added\": {}}]"}}, {"model": "admin.logentry", "pk": 122, "fields": {"action_time": "2019-05-16T12:58:27.184Z", "user": 1, "content_type": 7, "object_id": "25", "object_repr": "peek in Stack [Anu, CS-201]", "action_flag": 2, "change_message": "[{\"changed\": {\"fields\": [\"name\"]}}]"}}, {"model": "admin.logentry", "pk": 123, "fields": {"action_time": "2019-05-16T12:58:46.160Z", "user": 1, "content_type": 7, "object_id": "24", "object_repr": "operations on Stack [Anu, CS-201]", "action_flag": 2, "change_message": "[{\"changed\": {\"fields\": [\"name\"]}}]"}}, {"model": "admin.logentry", "pk": 124, "fields": {"action_time": "2019-05-16T12:59:22.439Z", "user": 1, "content_type": 7, "object_id": "23", "object_repr": "application of stack [Anu, CS-201]", "action_flag": 2, "change_message": "[{\"changed\": {\"fields\": [\"name\", \"body\"]}}]"}}, {"model": "admin.logentry", "pk": 125, "fields": {"action_time": "2019-05-16T12:59:41.561Z", "user": 1, "content_type": 7, "object_id": "20", "object_repr": "what is an Algorithm [Anu, IT-501]", "action_flag": 2, "change_message": "[{\"changed\": {\"fields\": [\"name\"]}}]"}}, {"model": "admin.logentry", "pk": 126, "fields": {"action_time": "2019-05-16T13:00:06.986Z", "user": 1, "content_type": 7, "object_id": "30", "object_repr": "limitations of a stack [Anu, CS-201]", "action_flag": 2, "change_message": "[{\"changed\": {\"fields\": [\"name\"]}}]"}}, {"model": "admin.logentry", "pk": 127, "fields": {"action_time": "2019-05-16T13:00:27.947Z", "user": 1, "content_type": 7, "object_id": "31", "object_repr": "Need for Linked list [Anu, CS-201]", "action_flag": 2, "change_message": "[{\"changed\": {\"fields\": [\"name\"]}}]"}}, {"model": "admin.logentry", "pk": 128, "fields": {"action_time": "2019-05-16T13:00:48.587Z", "user": 1, "content_type": 7, "object_id": "17", "object_repr": "Asymptotic notations in Big-O [Anu, IT-501]", "action_flag": 2, "change_message": "[{\"changed\": {\"fields\": [\"name\"]}}]"}}, {"model": "admin.logentry", "pk": 129, "fields": {"action_time": "2019-05-16T14:29:32.257Z", "user": 1, "content_type": 20, "object_id": "1", "object_repr": "Reply object (1)", "action_flag": 1, "change_message": "[{\"added\": {}}]"}}, {"model": "admin.logentry", "pk": 130, "fields": {"action_time": "2019-05-16T17:50:52.722Z", "user": 1, "content_type": 20, "object_id": "1", "object_repr": "(1) what is a linked list?: A linked list is a linked list.\r\nhttp://127.0.0.1:8000/question/31/", "action_flag": 2, "change_message": "[{\"changed\": {\"fields\": [\"reply\"]}}]"}}, {"model": "admin.logentry", "pk": 131, "fields": {"action_time": "2019-05-16T18:51:09.762Z", "user": 1, "content_type": 7, "object_id": "32", "object_repr": "Factor of Evaporation [Anurag, ME-102]", "action_flag": 1, "change_message": "[{\"added\": {}}]"}}, {"model": "admin.logentry", "pk": 132, "fields": {"action_time": "2019-05-16T18:52:36.070Z", "user": 1, "content_type": 7, "object_id": "33", "object_repr": "pressure and reheating [Debosmitha, ME-102]", "action_flag": 1, "change_message": "[{\"added\": {}}]"}}, {"model": "admin.logentry", "pk": 133, "fields": {"action_time": "2019-05-16T18:53:20.256Z", "user": 1, "content_type": 7, "object_id": "34", "object_repr": "forced convection [Debosmitha, ME-102]", "action_flag": 1, "change_message": "[{\"added\": {}}]"}}, {"model": "admin.logentry", "pk": 134, "fields": {"action_time": "2019-05-16T19:02:34.921Z", "user": 1, "content_type": 7, "object_id": "35", "object_repr": "Database and DBMS relation [Diptangsu, CS-601]", "action_flag": 1, "change_message": "[{\"added\": {}}]"}}, {"model": "admin.logentry", "pk": 135, "fields": {"action_time": "2019-05-16T19:03:53.254Z", "user": 1, "content_type": 10, "object_id": "11", "object_repr": "Nil: Database and DBMS relation", "action_flag": 1, "change_message": "[{\"added\": {}}]"}}, {"model": "admin.logentry", "pk": 136, "fields": {"action_time": "2019-05-16T19:04:13.909Z", "user": 1, "content_type": 10, "object_id": "11", "object_repr": "Nil: Database and DBMS relation", "action_flag": 2, "change_message": "[]"}}, {"model": "admin.logentry", "pk": 137, "fields": {"action_time": "2019-05-16T19:05:31.001Z", "user": 1, "content_type": 7, "object_id": "36", "object_repr": "\u200bHow to convert infix to postfix [Arnab, CS-501]", "action_flag": 1, "change_message": "[{\"added\": {}}]"}}, {"model": "admin.logentry", "pk": 138, "fields": {"action_time": "2019-05-16T19:06:10.654Z", "user": 1, "content_type": 10, "object_id": "12", "object_repr": "Diptangsu: Factor of Evaporation", "action_flag": 1, "change_message": "[{\"added\": {}}]"}}, {"model": "admin.logentry", "pk": 139, "fields": {"action_time": "2019-05-16T19:07:09.673Z", "user": 1, "content_type": 10, "object_id": "13", "object_repr": "Anu: pressure and reheating", "action_flag": 1, "change_message": "[{\"added\": {}}]"}}, {"model": "admin.logentry", "pk": 140, "fields": {"action_time": "2019-05-16T19:10:55.407Z", "user": 1, "content_type": 7, "object_id": "37", "object_repr": "free convection case [Anurag, ME-102]", "action_flag": 1, "change_message": "[{\"added\": {}}]"}}, {"model": "admin.logentry", "pk": 141, "fields": {"action_time": "2019-05-16T19:11:53.080Z", "user": 1, "content_type": 10, "object_id": "14", "object_repr": "Debosmitha: free convection case", "action_flag": 1, "change_message": "[{\"added\": {}}]"}}, {"model": "admin.logentry", "pk": 142, "fields": {"action_time": "2019-05-17T05:43:39.793Z", "user": 1, "content_type": 7, "object_id": "38", "object_repr": "Kirchoff's Law [Arnab, ME-102]", "action_flag": 1, "change_message": "[{\"added\": {}}]"}}, {"model": "admin.logentry", "pk": 143, "fields": {"action_time": "2019-05-17T05:44:53.307Z", "user": 1, "content_type": 7, "object_id": "39", "object_repr": "Kruskal Algorithm [Anurag, CS-501]", "action_flag": 1, "change_message": "[{\"added\": {}}]"}}, {"model": "admin.logentry", "pk": 144, "fields": {"action_time": "2019-05-17T06:41:51.373Z", "user": 1, "content_type": 7, "object_id": "39", "object_repr": "Kruskal Algorithm [Debosmitha, CS-501]", "action_flag": 2, "change_message": "[{\"changed\": {\"fields\": [\"user\"]}}]"}}, {"model": "admin.logentry", "pk": 145, "fields": {"action_time": "2019-05-17T06:44:55.575Z", "user": 1, "content_type": 20, "object_id": "1", "object_repr": "(1) what is a linked list?: Linked List is an ordered set of data elements, each containing a link to its successor (and sometimes its predecessor). Here is a link. https://en.wikipedia.org/wiki/Linke", "action_flag": 2, "change_message": "[{\"changed\": {\"fields\": [\"reply\"]}}]"}}, {"model": "admin.logentry", "pk": 146, "fields": {"action_time": "2019-05-17T15:04:35.152Z", "user": 1, "content_type": 20, "object_id": "2", "object_repr": "(2) hi\r\n: Hello!", "action_flag": 1, "change_message": "[{\"added\": {}}]"}}, {"model": "admin.logentry", "pk": 147, "fields": {"action_time": "2019-05-17T15:07:10.841Z", "user": 1, "content_type": 20, "object_id": "3", "object_repr": "(3) what is a stack?: In computer science, a stack is an abstract data type that serves as a collection of elements, with two principal operations: push, which adds an element to the collection, and p", "action_flag": 1, "change_message": "[{\"added\": {}}]"}}, {"model": "admin.logentry", "pk": 148, "fields": {"action_time": "2019-05-18T04:50:24.962Z", "user": 1, "content_type": 20, "object_id": "4", "object_repr": "(4) what is a queue?: queue is a useful data structure in programming. ... In programming terms, putting an item in the queue is called an \"enqueue\" and removing an item from the queue is called \"dequ", "action_flag": 1, "change_message": "[{\"added\": {}}]"}}, {"model": "admin.logentry", "pk": 149, "fields": {"action_time": "2019-05-18T04:57:42.286Z", "user": 1, "content_type": 20, "object_id": "5", "object_repr": "(5) what is kruskal's algorithm?\r\n: https://en.wikipedia.org/wiki/Kruskal%27s_algorithm", "action_flag": 1, "change_message": "[{\"added\": {}}]"}}]